Wikidata_URI15	id	city_name	DBpedia_URI	rating	label	DBpedia_URI15	YAGO_URI15	DBpedia_URI15_Base32
http://www.wikidata.org/entity/Q24639	1.0	Vancouver	http://dbpedia.org/resource/Vancouver	106.0	high	http://dbpedia.org/resource/Vancouver	http://yago-knowledge.org/resource/Vancouver	NB2HI4B2F4XWIYTQMVSGSYJON5ZGOL3SMVZW65LSMNSS6VTBNZRW65LWMVZA====
http://www.wikidata.org/entity/Q72	2.0	Zurich	http://dbpedia.org/resource/Zurich	106.0	high	http://dbpedia.org/resource/Zürich		NB2HI4B2F4XWIYTQMVSGSYJON5ZGOL3SMVZW65LSMNSS6WWDXRZGSY3I
http://www.wikidata.org/entity/Q1741	3.0	Vienna	http://dbpedia.org/resource/Vienna	106.0	high	http://dbpedia.org/resource/Vienna	http://yago-knowledge.org/resource/Vienna	NB2HI4B2F4XWIYTQMVSGSYJON5ZGOL3SMVZW65LSMNSS6VTJMVXG4YI=
http://www.wikidata.org/entity/Q70	4.0	Bern	http://dbpedia.org/resource/Bern	106.0	high	http://dbpedia.org/resource/Bern	http://yago-knowledge.org/resource/Bern	NB2HI4B2F4XWIYTQMVSGSYJON5ZGOL3SMVZW65LSMNSS6QTFOJXA====
http://www.wikidata.org/entity/Q3130	5.0	Sydney	http://dbpedia.org/resource/Sydney	105.5	high	http://dbpedia.org/resource/Sydney	http://yago-knowledge.org/resource/Sydney	NB2HI4B2F4XWIYTQMVSGSYJON5ZGOL3SMVZW65LSMNSS6U3ZMRXGK6I=
http://www.wikidata.org/entity/Q71	6.0	Geneva	http://dbpedia.org/resource/Geneva	105.5	high	http://dbpedia.org/resource/Geneva	http://yago-knowledge.org/resource/Geneva	NB2HI4B2F4XWIYTQMVSGSYJON5ZGOL3SMVZW65LSMNSS6R3FNZSXMYI=
http://www.wikidata.org/entity/Q37100	7.0	Auckland	http://dbpedia.org/resource/Auckland	105.5	high	http://dbpedia.org/resource/Auckland	http://yago-knowledge.org/resource/Auckland	NB2HI4B2F4XWIYTQMVSGSYJON5ZGOL3SMVZW65LSMNSS6QLVMNVWYYLOMQ======
http://www.wikidata.org/entity/Q1748	8.0	Copenhagen	http://dbpedia.org/resource/Copenhagen	105.5	high	http://dbpedia.org/resource/Copenhagen	http://yago-knowledge.org/resource/Copenhagen	NB2HI4B2F4XWIYTQMVSGSYJON5ZGOL3SMVZW65LSMNSS6Q3POBSW42DBM5SW4===
http://www.wikidata.org/entity/Q1757	9.0	Helsinki	http://dbpedia.org/resource/Helsinki	104.5	high	http://dbpedia.org/resource/Helsinki	http://yago-knowledge.org/resource/Helsinki	NB2HI4B2F4XWIYTQMVSGSYJON5ZGOL3SMVZW65LSMNSS6SDFNRZWS3TLNE======
http://www.wikidata.org/entity/Q727	10.0	Amsterdam	http://dbpedia.org/resource/Amsterdam	104.5	high	http://dbpedia.org/resource/Amsterdam	http://yago-knowledge.org/resource/Amsterdam	NB2HI4B2F4XWIYTQMVSGSYJON5ZGOL3SMVZW65LSMNSS6QLNON2GK4TEMFWQ====
http://www.wikidata.org/entity/Q1794	11.0	Frankfurt	http://dbpedia.org/resource/Frankfurt	104.0	high	http://dbpedia.org/resource/Frankfurt	http://yago-knowledge.org/resource/Frankfurt	NB2HI4B2F4XWIYTQMVSGSYJON5ZGOL3SMVZW65LSMNSS6RTSMFXGWZTVOJ2A====
http://www.wikidata.org/entity/Q1726	12.0	Munich	http://dbpedia.org/resource/Munich	104.0	high	http://dbpedia.org/resource/Munich	http://yago-knowledge.org/resource/Munich	NB2HI4B2F4XWIYTQMVSGSYJON5ZGOL3SMVZW65LSMNSS6TLVNZUWG2A=
http://www.wikidata.org/entity/Q3141	13.0	Melbourne	http://dbpedia.org/resource/Melbourne	104.0	high	http://dbpedia.org/resource/Melbourne	http://yago-knowledge.org/resource/Melbourne	NB2HI4B2F4XWIYTQMVSGSYJON5ZGOL3SMVZW65LSMNSS6TLFNRRG65LSNZSQ====
http://www.wikidata.org/entity/Q18094	14.0	Honolulu	http://dbpedia.org/resource/Honolulu	104.0	high	http://dbpedia.org/resource/Honolulu	http://yago-knowledge.org/resource/Honolulu	NB2HI4B2F4XWIYTQMVSGSYJON5ZGOL3SMVZW65LSMNSS6SDPNZXWY5LMOU======
http://www.wikidata.org/entity/Q1718	15.0	Dusseldorf	http://dbpedia.org/resource/Dusseldorf	103.5	high	http://dbpedia.org/resource/Düsseldorf		NB2HI4B2F4XWIYTQMVSGSYJON5ZGOL3SMVZW65LSMNSS6RGDXRZXGZLMMRXXEZQ=
http://www.wikidata.org/entity/Q62	16.0	San Francisco	http://dbpedia.org/resource/San_Francisco	103.5	high	http://dbpedia.org/resource/San_Francisco	http://yago-knowledge.org/resource/San_Francisco	NB2HI4B2F4XWIYTQMVSGSYJON5ZGOL3SMVZW65LSMNSS6U3BNZPUM4TBNZRWS43DN4======
http://www.wikidata.org/entity/Q585	17.0	Oslo	http://dbpedia.org/resource/Oslo	103.5	high	http://dbpedia.org/resource/Oslo	http://yago-knowledge.org/resource/Oslo	NB2HI4B2F4XWIYTQMVSGSYJON5ZGOL3SMVZW65LSMNSS6T3TNRXQ====
http://www.wikidata.org/entity/Q3183	18.0	Perth	http://dbpedia.org/resource/Perth	103.5	high	http://dbpedia.org/resource/Perth		NB2HI4B2F4XWIYTQMVSGSYJON5ZGOL3SMVZW65LSMNSS6UDFOJ2GQ===
http://www.wikidata.org/entity/Q240	19.0	Brussels	http://dbpedia.org/resource/Brussels	103.5	high	http://dbpedia.org/resource/Brussels	http://yago-knowledge.org/resource/Brussels	NB2HI4B2F4XWIYTQMVSGSYJON5ZGOL3SMVZW65LSMNSS6QTSOVZXGZLMOM======
http://www.wikidata.org/entity/Q172	20.0	Toronto	http://dbpedia.org/resource/Toronto	103.5	high	http://dbpedia.org/resource/Toronto	http://yago-knowledge.org/resource/Toronto	NB2HI4B2F4XWIYTQMVSGSYJON5ZGOL3SMVZW65LSMNSS6VDPOJXW45DP
http://www.wikidata.org/entity/Q5112	21.0	Adelaide	http://dbpedia.org/resource/Adelaide	103.0	high	http://dbpedia.org/resource/Adelaide	http://yago-knowledge.org/resource/Adelaide	NB2HI4B2F4XWIYTQMVSGSYJON5ZGOL3SMVZW65LSMNSS6QLEMVWGC2LEMU======
http://www.wikidata.org/entity/Q32	22.0	Luxembourg	http://dbpedia.org/resource/Luxembourg	103.0	high	http://dbpedia.org/resource/Luxembourg	http://yago-knowledge.org/resource/Luxembourg	NB2HI4B2F4XWIYTQMVSGSYJON5ZGOL3SMVZW65LSMNSS6TDVPBSW2YTPOVZGO===
http://www.wikidata.org/entity/Q1754	23.0	Stockholm	http://dbpedia.org/resource/Stockholm	103.0	high	http://dbpedia.org/resource/Stockholm	http://yago-knowledge.org/resource/Stockholm	NB2HI4B2F4XWIYTQMVSGSYJON5ZGOL3SMVZW65LSMNSS6U3UN5RWW2DPNRWQ====
http://www.wikidata.org/entity/Q90	24.0	Paris	http://dbpedia.org/resource/Paris	102.5	high	http://dbpedia.org/resource/Paris	http://yago-knowledge.org/resource/Paris	NB2HI4B2F4XWIYTQMVSGSYJON5ZGOL3SMVZW65LSMNSS6UDBOJUXG===
http://www.wikidata.org/entity/Q2090	25.0	Nurnberg	http://dbpedia.org/resource/Nurnberg	102.5	high	http://dbpedia.org/resource/Nuremberg	http://yago-knowledge.org/resource/Nuremberg	NB2HI4B2F4XWIYTQMVSGSYJON5ZGOL3SMVZW65LSMNSS6TTVOJSW2YTFOJTQ====
http://www.wikidata.org/entity/Q34932	26.0	Brisbane	http://dbpedia.org/resource/Brisbane	102.5	high	http://dbpedia.org/resource/Brisbane	http://yago-knowledge.org/resource/Brisbane	NB2HI4B2F4XWIYTQMVSGSYJON5ZGOL3SMVZW65LSMNSS6QTSNFZWEYLOMU======
http://www.wikidata.org/entity/Q340	27.0	Montreal	http://dbpedia.org/resource/Montreal	102.5	high	http://dbpedia.org/resource/Montreal	http://yago-knowledge.org/resource/Montreal	NB2HI4B2F4XWIYTQMVSGSYJON5ZGOL3SMVZW65LSMNSS6TLPNZ2HEZLBNQ======
http://www.wikidata.org/entity/Q1490	28.0	Tokyo	http://dbpedia.org/resource/Tokyo	102.5	high	http://dbpedia.org/resource/Tokyo	http://yago-knowledge.org/resource/Tokyo	NB2HI4B2F4XWIYTQMVSGSYJON5ZGOL3SMVZW65LSMNSS6VDPNN4W6===
http://www.wikidata.org/entity/Q64	29.0	Berlin	http://dbpedia.org/resource/Berlin	102.0	high	http://dbpedia.org/resource/Berlin	http://yago-knowledge.org/resource/Berlin	NB2HI4B2F4XWIYTQMVSGSYJON5ZGOL3SMVZW65LSMNSS6QTFOJWGS3Q=
http://www.wikidata.org/entity/Q1055	30.0	Hamburg	http://dbpedia.org/resource/Hamburg	102.0	high	http://dbpedia.org/resource/Hamburg	http://yago-knowledge.org/resource/Hamburg	NB2HI4B2F4XWIYTQMVSGSYJON5ZGOL3SMVZW65LSMNSS6SDBNVRHK4TH
http://www.wikidata.org/entity/Q23661	31.0	Wellington	http://dbpedia.org/resource/Wellington	102.0	high	http://dbpedia.org/resource/Wellington	http://yago-knowledge.org/resource/Wellington	NB2HI4B2F4XWIYTQMVSGSYJON5ZGOL3SMVZW65LSMNSS6V3FNRWGS3THORXW4===
http://www.wikidata.org/entity/Q2910	32.0	Ludwigshafen	http://dbpedia.org/resource/Ludwigshafen	102.0	high	http://dbpedia.org/resource/Ludwigshafen	http://yago-knowledge.org/resource/Ludwigshafen	NB2HI4B2F4XWIYTQMVSGSYJON5ZGOL3SMVZW65LSMNSS6TDVMR3WSZ3TNBQWMZLO
http://www.wikidata.org/entity/Q456	33.0	Lyon	http://dbpedia.org/resource/Lyon	102.0	high	http://dbpedia.org/resource/Lyon	http://yago-knowledge.org/resource/Lyon	NB2HI4B2F4XWIYTQMVSGSYJON5ZGOL3SMVZW65LSMNSS6TDZN5XA====
http://www.wikidata.org/entity/Q23556	34.0	Atlanta	http://dbpedia.org/resource/Atlanta	101.5	high	http://dbpedia.org/resource/Atlanta	http://yago-knowledge.org/resource/Atlanta	NB2HI4B2F4XWIYTQMVSGSYJON5ZGOL3SMVZW65LSMNSS6QLUNRQW45DB
http://www.wikidata.org/entity/Q84	35.0	London	http://dbpedia.org/resource/London	101.5	high	http://dbpedia.org/resource/London	http://yago-knowledge.org/resource/London	NB2HI4B2F4XWIYTQMVSGSYJON5ZGOL3SMVZW65LSMNSS6TDPNZSG63Q=
http://www.wikidata.org/entity/Q36312	36.0	Calgary	http://dbpedia.org/resource/Calgary	101.5	high	http://dbpedia.org/resource/Calgary	http://yago-knowledge.org/resource/Calgary	NB2HI4B2F4XWIYTQMVSGSYJON5ZGOL3SMVZW65LSMNSS6Q3BNRTWC4TZ
http://www.wikidata.org/entity/Q48320	37.0	Kobe	http://dbpedia.org/resource/Kobe	101.5	high	http://dbpedia.org/resource/Kobe	http://yago-knowledge.org/resource/Kobe	NB2HI4B2F4XWIYTQMVSGSYJON5ZGOL3SMVZW65LSMNSS6S3PMJSQ====
http://www.wikidata.org/entity/Q223886	38.0	Lexington	http://dbpedia.org/resource/Lexington	101.0	high	http://dbpedia.org/resource/Lexington		NB2HI4B2F4XWIYTQMVSGSYJON5ZGOL3SMVZW65LSMNSS6TDFPBUW4Z3UN5XA====
http://www.wikidata.org/entity/Q5083	39.0	Seattle	http://dbpedia.org/resource/Seattle	101.0	high	http://dbpedia.org/resource/Seattle	http://yago-knowledge.org/resource/Seattle	NB2HI4B2F4XWIYTQMVSGSYJON5ZGOL3SMVZW65LSMNSS6U3FMF2HI3DF
http://www.wikidata.org/entity/Q1761	40.0	Dublin	http://dbpedia.org/resource/Dublin	101.0	high	http://dbpedia.org/resource/Dublin	http://yago-knowledge.org/resource/Dublin	NB2HI4B2F4XWIYTQMVSGSYJON5ZGOL3SMVZW65LSMNSS6RDVMJWGS3Q=
http://www.wikidata.org/entity/Q49227	41.0	Winston Salem	http://dbpedia.org/resource/Winston_Salem	101.0	high	http://dbpedia.org/resource/Winston-Salem,_North_Carolina	http://yago-knowledge.org/resource/Winston-Salem,_North_Carolina	NB2HI4B2F4XWIYTQMVSGSYJON5ZGOL3SMVZW65LSMNSS6V3JNZZXI33OFVJWC3DFNUWF6TTPOJ2GQX2DMFZG63DJNZQQ====
http://www.wikidata.org/entity/Q65	42.0	Los Angeles	http://dbpedia.org/resource/Los_Angeles	101.0	high	http://dbpedia.org/resource/Los_Angeles	http://yago-knowledge.org/resource/Los_Angeles	NB2HI4B2F4XWIYTQMVSGSYJON5ZGOL3SMVZW65LSMNSS6TDPONPUC3THMVWGK4Y=
http://www.wikidata.org/entity/Q38283	43.0	Yokohama	http://dbpedia.org/resource/Yokohama	101.0	high	http://dbpedia.org/resource/Yokohama	http://yago-knowledge.org/resource/Yokohama	NB2HI4B2F4XWIYTQMVSGSYJON5ZGOL3SMVZW65LSMNSS6WLPNNXWQYLNME======
http://www.wikidata.org/entity/Q334	44.0	Singapore	http://dbpedia.org/resource/Singapore	100.5	high	http://dbpedia.org/resource/Singapore	http://yago-knowledge.org/resource/Singapore	NB2HI4B2F4XWIYTQMVSGSYJON5ZGOL3SMVZW65LSMNSS6U3JNZTWC4DPOJSQ====
http://www.wikidata.org/entity/Q61	45.0	Washington Dc	http://dbpedia.org/resource/Washington_Dc	100.5	high	http://dbpedia.org/resource/Washington,_D.C.	http://yago-knowledge.org/resource/Washington,_D.C.	NB2HI4B2F4XWIYTQMVSGSYJON5ZGOL3SMVZW65LSMNSS6V3BONUGS3THORXW4LC7IQXEGLQ=
http://www.wikidata.org/entity/Q1342	46.0	Pittsburgh	http://dbpedia.org/resource/Pittsburgh	100.0	high	http://dbpedia.org/resource/Pittsburgh	http://yago-knowledge.org/resource/Pittsburgh	NB2HI4B2F4XWIYTQMVSGSYJON5ZGOL3SMVZW65LSMNSS6UDJOR2HGYTVOJTWQ===
http://www.wikidata.org/entity/Q1297	47.0	Chicago	http://dbpedia.org/resource/Chicago	100.0	high	http://dbpedia.org/resource/Chicago	http://yago-knowledge.org/resource/Chicago	NB2HI4B2F4XWIYTQMVSGSYJON5ZGOL3SMVZW65LSMNSS6Q3INFRWCZ3P
http://www.wikidata.org/entity/Q100	48.0	Boston	http://dbpedia.org/resource/Boston	100.0	high	http://dbpedia.org/resource/Boston	http://yago-knowledge.org/resource/Boston	NB2HI4B2F4XWIYTQMVSGSYJON5ZGOL3SMVZW65LSMNSS6QTPON2G63Q=
http://www.wikidata.org/entity/Q2807	49.0	Madrid	http://dbpedia.org/resource/Madrid	100.0	high	http://dbpedia.org/resource/Madrid	http://yago-knowledge.org/resource/Madrid	NB2HI4B2F4XWIYTQMVSGSYJON5ZGOL3SMVZW65LSMNSS6TLBMRZGSZA=
http://www.wikidata.org/entity/Q1384	50.0	New York	http://dbpedia.org/resource/New_York	100.0	high	http://dbpedia.org/resource/New_York	http://yago-knowledge.org/resource/New_York	NB2HI4B2F4XWIYTQMVSGSYJON5ZGOL3SMVZW65LSMNSS6TTFO5PVS33SNM======
http://www.wikidata.org/entity/Q36091	51.0	Minneapolis	http://dbpedia.org/resource/Minneapolis	99.0	high	http://dbpedia.org/resource/Minneapolis	http://yago-knowledge.org/resource/Minneapolis	NB2HI4B2F4XWIYTQMVSGSYJON5ZGOL3SMVZW65LSMNSS6TLJNZXGKYLQN5WGS4Y=
http://www.wikidata.org/entity/Q182972	52.0	Portland	http://dbpedia.org/resource/Portland	99.0	high	http://dbpedia.org/resource/Portland		NB2HI4B2F4XWIYTQMVSGSYJON5ZGOL3SMVZW65LSMNSS6UDPOJ2GYYLOMQ======
http://www.wikidata.org/entity/Q35765	53.0	Osaka	http://dbpedia.org/resource/Osaka	99.0	high	http://dbpedia.org/resource/Osaka	http://yago-knowledge.org/resource/Osaka	NB2HI4B2F4XWIYTQMVSGSYJON5ZGOL3SMVZW65LSMNSS6T3TMFVWC===
http://www.wikidata.org/entity/Q11751	54.0	Nagoya	http://dbpedia.org/resource/Nagoya	99.0	high	http://dbpedia.org/resource/Nagoya		NB2HI4B2F4XWIYTQMVSGSYJON5ZGOL3SMVZW65LSMNSS6TTBM5XXSYI=
http://www.wikidata.org/entity/Q4093	55.0	Glasgow	http://dbpedia.org/resource/Glasgow	99.0	high	http://dbpedia.org/resource/Glasgow	http://yago-knowledge.org/resource/Glasgow	NB2HI4B2F4XWIYTQMVSGSYJON5ZGOL3SMVZW65LSMNSS6R3MMFZWO33X
http://www.wikidata.org/entity/Q38022	56.0	St. Louis	http://dbpedia.org/resource/St._Louis	98.5	high	http://dbpedia.org/resource/St._Louis		NB2HI4B2F4XWIYTQMVSGSYJON5ZGOL3SMVZW65LSMNSS6U3UFZPUY33VNFZQ====
http://www.wikidata.org/entity/Q16555	57.0	Houston	http://dbpedia.org/resource/Houston	98.5	high	http://dbpedia.org/resource/Houston	http://yago-knowledge.org/resource/Houston	NB2HI4B2F4XWIYTQMVSGSYJON5ZGOL3SMVZW65LSMNSS6SDPOVZXI33O
http://www.wikidata.org/entity/Q273863	58.0	Tsukuba	http://dbpedia.org/resource/Tsukuba	98.5	high	http://dbpedia.org/resource/Tsukuba,_Ibaraki	http://yago-knowledge.org/resource/Tsukuba,_Ibaraki	NB2HI4B2F4XWIYTQMVSGSYJON5ZGOL3SMVZW65LSMNSS6VDTOVVXKYTBFRPUSYTBOJQWW2I=
http://www.wikidata.org/entity/Q37320	59.0	Cleveland	http://dbpedia.org/resource/Cleveland	98.0	high	http://dbpedia.org/resource/Cleveland	http://yago-knowledge.org/resource/Cleveland	NB2HI4B2F4XWIYTQMVSGSYJON5ZGOL3SMVZW65LSMNSS6Q3MMV3GK3DBNZSA====
http://www.wikidata.org/entity/Q2256	60.0	Birmingham	http://dbpedia.org/resource/Birmingham	98.0	high	http://dbpedia.org/resource/Birmingham	http://yago-knowledge.org/resource/Birmingham	NB2HI4B2F4XWIYTQMVSGSYJON5ZGOL3SMVZW65LSMNSS6QTJOJWWS3THNBQW2===
http://www.wikidata.org/entity/Q1492	61.0	Barcelona	http://dbpedia.org/resource/Barcelona	97.0	high	http://dbpedia.org/resource/Barcelona	http://yago-knowledge.org/resource/Barcelona	NB2HI4B2F4XWIYTQMVSGSYJON5ZGOL3SMVZW65LSMNSS6QTBOJRWK3DPNZQQ====
http://www.wikidata.org/entity/Q597	62.0	Lisbon	http://dbpedia.org/resource/Lisbon	96.5	high	http://dbpedia.org/resource/Lisbon	http://yago-knowledge.org/resource/Lisbon	NB2HI4B2F4XWIYTQMVSGSYJON5ZGOL3SMVZW65LSMNSS6TDJONRG63Q=
http://www.wikidata.org/entity/Q174262	63.0	St. Peter Port	http://dbpedia.org/resource/St._Peter_Port	96.5	high	http://dbpedia.org/resource/Saint_Peter_Port	http://yago-knowledge.org/resource/Saint_Peter_Port	NB2HI4B2F4XWIYTQMVSGSYJON5ZGOL3SMVZW65LSMNSS6U3BNFXHIX2QMV2GK4S7KBXXE5A=
http://www.wikidata.org/entity/Q8652	64.0	Miami	http://dbpedia.org/resource/Miami	96.5	high	http://dbpedia.org/resource/Miami	http://yago-knowledge.org/resource/Miami	NB2HI4B2F4XWIYTQMVSGSYJON5ZGOL3SMVZW65LSMNSS6TLJMFWWS===
http://www.wikidata.org/entity/Q12439	65.0	Detroit	http://dbpedia.org/resource/Detroit	96.0	high	http://dbpedia.org/resource/Detroit	http://yago-knowledge.org/resource/Detroit	NB2HI4B2F4XWIYTQMVSGSYJON5ZGOL3SMVZW65LSMNSS6RDFORZG62LU
http://www.wikidata.org/entity/Q26410	66.0	Yokkaichi	http://dbpedia.org/resource/Yokkaichi	96.0	high	http://dbpedia.org/resource/Yokkaichi,_Mie	http://yago-knowledge.org/resource/Yokkaichi,_Mie	NB2HI4B2F4XWIYTQMVSGSYJON5ZGOL3SMVZW65LSMNSS6WLPNNVWC2LDNBUSYX2NNFSQ====
http://www.wikidata.org/entity/Q490	67.0	Milan	http://dbpedia.org/resource/Milan	96.0	high	http://dbpedia.org/resource/Milan	http://yago-knowledge.org/resource/Milan	NB2HI4B2F4XWIYTQMVSGSYJON5ZGOL3SMVZW65LSMNSS6TLJNRQW4===
http://www.wikidata.org/entity/Q7090810	68.0	Omuta	http://dbpedia.org/resource/Omuta	94.5	medium	http://dbpedia.org/resource/Omuta		NB2HI4B2F4XWIYTQMVSGSYJON5ZGOL3SMVZW65LSMNSS6T3NOV2GC===
http://www.wikidata.org/entity/Q6378236	69.0	Katsuyama	http://dbpedia.org/resource/Katsuyama	93.0	medium	http://dbpedia.org/resource/Katsuyama		NB2HI4B2F4XWIYTQMVSGSYJON5ZGOL3SMVZW65LSMNSS6S3BORZXK6LBNVQQ====
http://www.wikidata.org/entity/Q8646	70.0	Hong Kong	http://dbpedia.org/resource/Hong_Kong	93.0	medium	http://dbpedia.org/resource/Hong_Kong	http://yago-knowledge.org/resource/Hong_Kong	NB2HI4B2F4XWIYTQMVSGSYJON5ZGOL3SMVZW65LSMNSS6SDPNZTV6S3PNZTQ====
http://www.wikidata.org/entity/Q220	71.0	Rome	http://dbpedia.org/resource/Rome	93.0	medium	http://dbpedia.org/resource/Rome	http://yago-knowledge.org/resource/Rome	NB2HI4B2F4XWIYTQMVSGSYJON5ZGOL3SMVZW65LSMNSS6UTPNVSQ====
http://www.wikidata.org/entity/Q1335	72.0	Montevideo	http://dbpedia.org/resource/Montevideo	92.5	medium	http://dbpedia.org/resource/Montevideo	http://yago-knowledge.org/resource/Montevideo	NB2HI4B2F4XWIYTQMVSGSYJON5ZGOL3SMVZW65LSMNSS6TLPNZ2GK5TJMRSW6===
http://www.wikidata.org/entity/Q1320747	73.0	San Juan	http://dbpedia.org/resource/San_Juan	92.5	medium	http://dbpedia.org/resource/San_Juan		NB2HI4B2F4XWIYTQMVSGSYJON5ZGOL3SMVZW65LSMNSS6U3BNZPUU5LBNY======
http://www.wikidata.org/entity/Q1486	74.0	Buenos Aires	http://dbpedia.org/resource/Buenos_Aires	91.5	medium	http://dbpedia.org/resource/Buenos_Aires	http://yago-knowledge.org/resource/Buenos_Aires	NB2HI4B2F4XWIYTQMVSGSYJON5ZGOL3SMVZW65LSMNSS6QTVMVXG6427IFUXEZLT
http://www.wikidata.org/entity/Q1781	75.0	Budapest	http://dbpedia.org/resource/Budapest	91.0	medium	http://dbpedia.org/resource/Budapest	http://yago-knowledge.org/resource/Budapest	NB2HI4B2F4XWIYTQMVSGSYJON5ZGOL3SMVZW65LSMNSS6QTVMRQXAZLTOQ======
http://www.wikidata.org/entity/Q2079	76.0	Leipzig	http://dbpedia.org/resource/Leipzig	89.5	medium	http://dbpedia.org/resource/Leipzig	http://yago-knowledge.org/resource/Leipzig	NB2HI4B2F4XWIYTQMVSGSYJON5ZGOL3SMVZW65LSMNSS6TDFNFYHU2LH
http://www.wikidata.org/entity/Q1085	77.0	Prague	http://dbpedia.org/resource/Prague	88.5	medium	http://dbpedia.org/resource/Prague	http://yago-knowledge.org/resource/Prague	NB2HI4B2F4XWIYTQMVSGSYJON5ZGOL3SMVZW65LSMNSS6UDSMFTXKZI=
http://www.wikidata.org/entity/Q33935	78.0	Tel Aviv	http://dbpedia.org/resource/Tel_Aviv	86.0	medium	http://dbpedia.org/resource/Tel_Aviv	http://yago-knowledge.org/resource/Tel_Aviv	NB2HI4B2F4XWIYTQMVSGSYJON5ZGOL3SMVZW65LSMNSS6VDFNRPUC5TJOY======
http://www.wikidata.org/entity/Q1218	79.0	Jerusalem	http://dbpedia.org/resource/Jerusalem	85.5	medium	http://dbpedia.org/resource/Jerusalem	http://yago-knowledge.org/resource/Jerusalem	NB2HI4B2F4XWIYTQMVSGSYJON5ZGOL3SMVZW65LSMNSS6STFOJ2XGYLMMVWQ====
http://www.wikidata.org/entity/Q3929	80.0	Port Louis	http://dbpedia.org/resource/Port_Louis	85.0	medium	http://dbpedia.org/resource/Port_Louis	http://yago-knowledge.org/resource/Port_Louis	NB2HI4B2F4XWIYTQMVSGSYJON5ZGOL3SMVZW65LSMNSS6UDPOJ2F6TDPOVUXG===
http://www.wikidata.org/entity/Q1867	81.0	Taipei	http://dbpedia.org/resource/Taipei	85.0	medium	http://dbpedia.org/resource/Taipei	http://yago-knowledge.org/resource/Taipei	NB2HI4B2F4XWIYTQMVSGSYJON5ZGOL3SMVZW65LSMNSS6VDBNFYGK2I=
http://www.wikidata.org/entity/Q5465	82.0	Cape Town	http://dbpedia.org/resource/Cape_Town	84.5	medium	http://dbpedia.org/resource/Cape_Town	http://yago-knowledge.org/resource/Cape_Town	NB2HI4B2F4XWIYTQMVSGSYJON5ZGOL3SMVZW65LSMNSS6Q3BOBSV6VDPO5XA====
http://www.wikidata.org/entity/Q1865	83.0	Kuala Lumpur	http://dbpedia.org/resource/Kuala_Lumpur	84.0	medium	http://dbpedia.org/resource/Kuala_Lumpur	http://yago-knowledge.org/resource/Kuala_Lumpur	NB2HI4B2F4XWIYTQMVSGSYJON5ZGOL3SMVZW65LSMNSS6S3VMFWGCX2MOVWXA5LS
http://www.wikidata.org/entity/Q185632	84.0	Limassol	http://dbpedia.org/resource/Limassol	83.5	medium	http://dbpedia.org/resource/Limassol	http://yago-knowledge.org/resource/Limassol	NB2HI4B2F4XWIYTQMVSGSYJON5ZGOL3SMVZW65LSMNSS6TDJNVQXG43PNQ======
http://www.wikidata.org/entity/Q1524	85.0	Athens	http://dbpedia.org/resource/Athens	83.5	medium	http://dbpedia.org/resource/Athens	http://yago-knowledge.org/resource/Athens	NB2HI4B2F4XWIYTQMVSGSYJON5ZGOL3SMVZW65LSMNSS6QLUNBSW44Y=
http://www.wikidata.org/entity/Q437	86.0	Ljubljana	http://dbpedia.org/resource/Ljubljana	83.0	medium	http://dbpedia.org/resource/Ljubljana	http://yago-knowledge.org/resource/Ljubljana	NB2HI4B2F4XWIYTQMVSGSYJON5ZGOL3SMVZW65LSMNSS6TDKOVRGY2TBNZQQ====
http://www.wikidata.org/entity/Q2887	87.0	Santiago	http://dbpedia.org/resource/Santiago	83.0	medium	http://dbpedia.org/resource/Santiago	http://yago-knowledge.org/resource/Santiago	NB2HI4B2F4XWIYTQMVSGSYJON5ZGOL3SMVZW65LSMNSS6U3BNZ2GSYLHN4======
http://www.wikidata.org/entity/Q270	88.0	Warsaw	http://dbpedia.org/resource/Warsaw	83.0	medium	http://dbpedia.org/resource/Warsaw	http://yago-knowledge.org/resource/Warsaw	NB2HI4B2F4XWIYTQMVSGSYJON5ZGOL3SMVZW65LSMNSS6V3BOJZWC5Y=
http://www.wikidata.org/entity/Q34647	89.0	Johannesburg	http://dbpedia.org/resource/Johannesburg	83.0	medium	http://dbpedia.org/resource/Johannesburg	http://yago-knowledge.org/resource/Johannesburg	NB2HI4B2F4XWIYTQMVSGSYJON5ZGOL3SMVZW65LSMNSS6STPNBQW43TFONRHK4TH
http://www.wikidata.org/entity/Q216	90.0	Vilnius	http://dbpedia.org/resource/Vilnius	82.0	medium	http://dbpedia.org/resource/Vilnius	http://yago-knowledge.org/resource/Vilnius	NB2HI4B2F4XWIYTQMVSGSYJON5ZGOL3SMVZW65LSMNSS6VTJNRXGS5LT
http://www.wikidata.org/entity/Q1773	91.0	Riga	http://dbpedia.org/resource/Riga	82.0	medium	http://dbpedia.org/resource/Riga	http://yago-knowledge.org/resource/Riga	NB2HI4B2F4XWIYTQMVSGSYJON5ZGOL3SMVZW65LSMNSS6UTJM5QQ====
http://www.wikidata.org/entity/Q3306	92.0	Panama City	http://dbpedia.org/resource/Panama_City	81.5	medium	http://dbpedia.org/resource/Panama_City	http://yago-knowledge.org/resource/Panama_City	NB2HI4B2F4XWIYTQMVSGSYJON5ZGOL3SMVZW65LSMNSS6UDBNZQW2YK7INUXI6I=
http://www.wikidata.org/entity/Q8684	93.0	Seoul	http://dbpedia.org/resource/Seoul	81.5	medium	http://dbpedia.org/resource/Seoul	http://yago-knowledge.org/resource/Seoul	NB2HI4B2F4XWIYTQMVSGSYJON5ZGOL3SMVZW65LSMNSS6U3FN52WY===
http://www.wikidata.org/entity/Q406	94.0	Istanbul	http://dbpedia.org/resource/Istanbul	81.5	medium	http://dbpedia.org/resource/Istanbul	http://yago-knowledge.org/resource/Istanbul	NB2HI4B2F4XWIYTQMVSGSYJON5ZGOL3SMVZW65LSMNSS6SLTORQW4YTVNQ======
http://www.wikidata.org/entity/Q125434	95.0	Port Elizabeth	http://dbpedia.org/resource/Port_Elizabeth	81.0	medium	http://dbpedia.org/resource/Port_Elizabeth	http://yago-knowledge.org/resource/Port_Elizabeth	NB2HI4B2F4XWIYTQMVSGSYJON5ZGOL3SMVZW65LSMNSS6UDPOJ2F6RLMNF5GCYTFORUA====
http://www.wikidata.org/entity/Q173718	96.0	San Jose	http://dbpedia.org/resource/San_Jose	80.5	medium	http://dbpedia.org/resource/San_José		NB2HI4B2F4XWIYTQMVSGSYJON5ZGOL3SMVZW65LSMNSS6U3BNZPUU33TYOUQ====
http://www.wikidata.org/entity/Q613	97.0	Dubai	http://dbpedia.org/resource/Dubai	80.0	medium	http://dbpedia.org/resource/Dubai	http://yago-knowledge.org/resource/Dubai	NB2HI4B2F4XWIYTQMVSGSYJON5ZGOL3SMVZW65LSMNSS6RDVMJQWS===
http://www.wikidata.org/entity/Q130800	98.0	Papeete	http://dbpedia.org/resource/Papeete	79.5	medium	http://dbpedia.org/resource/Papeete	http://yago-knowledge.org/resource/Papeete	NB2HI4B2F4XWIYTQMVSGSYJON5ZGOL3SMVZW65LSMNSS6UDBOBSWK5DF
http://www.wikidata.org/entity/Q3572	99.0	Tunis	http://dbpedia.org/resource/Tunis	79.5	medium	http://dbpedia.org/resource/Tunis	http://yago-knowledge.org/resource/Tunis	NB2HI4B2F4XWIYTQMVSGSYJON5ZGOL3SMVZW65LSMNSS6VDVNZUXG===
http://www.wikidata.org/entity/Q81033	100.0	Monterrey	http://dbpedia.org/resource/Monterrey	79.0	medium	http://dbpedia.org/resource/Monterrey	http://yago-knowledge.org/resource/Monterrey	NB2HI4B2F4XWIYTQMVSGSYJON5ZGOL3SMVZW65LSMNSS6TLPNZ2GK4TSMV4Q====
http://www.wikidata.org/entity/Q1461	101.0	Manila	http://dbpedia.org/resource/Manila	79.0	medium	http://dbpedia.org/resource/Manila		NB2HI4B2F4XWIYTQMVSGSYJON5ZGOL3SMVZW65LSMNSS6TLBNZUWYYI=
http://www.wikidata.org/entity/Q1519	102.0	Abu Dhabi	http://dbpedia.org/resource/Abu_Dhabi	79.0	medium	http://dbpedia.org/resource/Abu_Dhabi	http://yago-knowledge.org/resource/Abu_Dhabi	NB2HI4B2F4XWIYTQMVSGSYJON5ZGOL3SMVZW65LSMNSS6QLCOVPUI2DBMJUQ====
http://www.wikidata.org/entity/Q2844	103.0	Brasilia	http://dbpedia.org/resource/Brasilia	79.0	medium	http://dbpedia.org/resource/Brasília		NB2HI4B2F4XWIYTQMVSGSYJON5ZGOL3SMVZW65LSMNSS6QTSMFZ4HLLMNFQQ====
http://www.wikidata.org/entity/Q537094	104.0	Victoria	http://dbpedia.org/resource/Victoria	78.5	medium	http://dbpedia.org/resource/Victoria		NB2HI4B2F4XWIYTQMVSGSYJON5ZGOL3SMVZW65LSMNSS6VTJMN2G64TJME======
http://www.wikidata.org/entity/Q1770	105.0	Tallinn	http://dbpedia.org/resource/Tallinn	78.0	medium	http://dbpedia.org/resource/Tallinn	http://yago-knowledge.org/resource/Tallinn	NB2HI4B2F4XWIYTQMVSGSYJON5ZGOL3SMVZW65LSMNSS6VDBNRWGS3TO
http://www.wikidata.org/entity/Q9733	106.0	Noumea	http://dbpedia.org/resource/Noumea	78.0	medium	http://dbpedia.org/resource/Nouméa		NB2HI4B2F4XWIYTQMVSGSYJON5ZGOL3SMVZW65LSMNSS6TTPOVW4HKLB
http://www.wikidata.org/entity/Q231318	107.0	Johor Baharu	http://dbpedia.org/resource/Johor_Baharu	76.5	medium	http://dbpedia.org/resource/Johor_Bahru	http://yago-knowledge.org/resource/Johor_Bahru	NB2HI4B2F4XWIYTQMVSGSYJON5ZGOL3SMVZW65LSMNSS6STPNBXXEX2CMFUHE5I=
http://www.wikidata.org/entity/Q174	108.0	Sao Paulo	http://dbpedia.org/resource/Sao_Paulo	76.5	medium	http://dbpedia.org/resource/São_Paulo		NB2HI4B2F4XWIYTQMVSGSYJON5ZGOL3SMVZW65LSMNSS6U6DUNXV6UDBOVWG6===
http://www.wikidata.org/entity/Q19660	109.0	Bucharest	http://dbpedia.org/resource/Bucharest	76.5	medium	http://dbpedia.org/resource/Bucharest	http://yago-knowledge.org/resource/Bucharest	NB2HI4B2F4XWIYTQMVSGSYJON5ZGOL3SMVZW65LSMNSS6QTVMNUGC4TFON2A====
http://www.wikidata.org/entity/Q2933	110.0	Asuncion	http://dbpedia.org/resource/Asuncion	76.0	medium	http://dbpedia.org/resource/Asunción		NB2HI4B2F4XWIYTQMVSGSYJON5ZGOL3SMVZW65LSMNSS6QLTOVXGG2ODWNXA====
http://www.wikidata.org/entity/Q8678	111.0	Rio De Janeiro	http://dbpedia.org/resource/Rio_De_Janeiro	76.0	medium	http://dbpedia.org/resource/Rio_de_Janeiro	http://yago-knowledge.org/resource/Rio_de_Janeiro	NB2HI4B2F4XWIYTQMVSGSYJON5ZGOL3SMVZW65LSMNSS6UTJN5PWIZK7JJQW4ZLJOJXQ====
http://www.wikidata.org/entity/Q1861	112.0	Bangkok	http://dbpedia.org/resource/Bangkok	75.5	medium	http://dbpedia.org/resource/Bangkok	http://yago-knowledge.org/resource/Bangkok	NB2HI4B2F4XWIYTQMVSGSYJON5ZGOL3SMVZW65LSMNSS6QTBNZTWW33L
http://www.wikidata.org/entity/Q2868	113.0	Lima	http://dbpedia.org/resource/Lima	75.5	medium	http://dbpedia.org/resource/Lima	http://yago-knowledge.org/resource/Lima	NB2HI4B2F4XWIYTQMVSGSYJON5ZGOL3SMVZW65LSMNSS6TDJNVQQ====
http://www.wikidata.org/entity/Q34820	114.0	Santo Domingo	http://dbpedia.org/resource/Santo_Domingo	75.5	medium	http://dbpedia.org/resource/Santo_Domingo	http://yago-knowledge.org/resource/Santo_Domingo	NB2HI4B2F4XWIYTQMVSGSYJON5ZGOL3SMVZW65LSMNSS6U3BNZ2G6X2EN5WWS3THN4======
http://www.wikidata.org/entity/Q2900	115.0	Quito	http://dbpedia.org/resource/Quito	75.0	medium	http://dbpedia.org/resource/Quito	http://yago-knowledge.org/resource/Quito	NB2HI4B2F4XWIYTQMVSGSYJON5ZGOL3SMVZW65LSMNSS6ULVNF2G6===
http://www.wikidata.org/entity/Q3921	116.0	Harare	http://dbpedia.org/resource/Harare	75.0	medium	http://dbpedia.org/resource/Harare	http://yago-knowledge.org/resource/Harare	NB2HI4B2F4XWIYTQMVSGSYJON5ZGOL3SMVZW65LSMNSS6SDBOJQXEZI=
http://www.wikidata.org/entity/Q1780	117.0	Bratislava	http://dbpedia.org/resource/Bratislava	74.5	medium	http://dbpedia.org/resource/Bratislava	http://yago-knowledge.org/resource/Bratislava	NB2HI4B2F4XWIYTQMVSGSYJON5ZGOL3SMVZW65LSMNSS6QTSMF2GS43MMF3GC===
http://www.wikidata.org/entity/Q35381	118.0	Colombo	http://dbpedia.org/resource/Colombo	74.0	medium	http://dbpedia.org/resource/Colombo	http://yago-knowledge.org/resource/Colombo	NB2HI4B2F4XWIYTQMVSGSYJON5ZGOL3SMVZW65LSMNSS6Q3PNRXW2YTP
http://www.wikidata.org/entity/Q41278	119.0	Ulsan	http://dbpedia.org/resource/Ulsan	74.0	medium	http://dbpedia.org/resource/Ulsan	http://yago-knowledge.org/resource/Ulsan	NB2HI4B2F4XWIYTQMVSGSYJON5ZGOL3SMVZW65LSMNSS6VLMONQW4===
http://www.wikidata.org/entity/Q472	120.0	Sofia	http://dbpedia.org/resource/Sofia	74.0	medium	http://dbpedia.org/resource/Sofia	http://yago-knowledge.org/resource/Sofia	NB2HI4B2F4XWIYTQMVSGSYJON5ZGOL3SMVZW65LSMNSS6U3PMZUWC===
http://www.wikidata.org/entity/Q85	121.0	Cairo	http://dbpedia.org/resource/Cairo	74.0	medium	http://dbpedia.org/resource/Cairo	http://yago-knowledge.org/resource/Cairo	NB2HI4B2F4XWIYTQMVSGSYJON5ZGOL3SMVZW65LSMNSS6Q3BNFZG6===
http://www.wikidata.org/entity/Q1533	122.0	Caracas	http://dbpedia.org/resource/Caracas	73.5	medium	http://dbpedia.org/resource/Caracas	http://yago-knowledge.org/resource/Caracas	NB2HI4B2F4XWIYTQMVSGSYJON5ZGOL3SMVZW65LSMNSS6Q3BOJQWGYLT
http://www.wikidata.org/entity/Q43509	123.0	Guayaquil	http://dbpedia.org/resource/Guayaquil	73.0	medium	http://dbpedia.org/resource/Guayaquil	http://yago-knowledge.org/resource/Guayaquil	NB2HI4B2F4XWIYTQMVSGSYJON5ZGOL3SMVZW65LSMNSS6R3VMF4WC4LVNFWA====
http://www.wikidata.org/entity/Q7903	124.0	Casablanca	http://dbpedia.org/resource/Casablanca	73.0	medium	http://dbpedia.org/resource/Casablanca	http://yago-knowledge.org/resource/Casablanca	NB2HI4B2F4XWIYTQMVSGSYJON5ZGOL3SMVZW65LSMNSS6Q3BONQWE3DBNZRWC===
http://www.wikidata.org/entity/Q3882	125.0	Manama	http://dbpedia.org/resource/Manama	71.5	medium	http://dbpedia.org/resource/Manama	http://yago-knowledge.org/resource/Manama	NB2HI4B2F4XWIYTQMVSGSYJON5ZGOL3SMVZW65LSMNSS6TLBNZQW2YI=
http://www.wikidata.org/entity/Q1435	126.0	Zagreb	http://dbpedia.org/resource/Zagreb	71.0	medium	http://dbpedia.org/resource/Zagreb	http://yago-knowledge.org/resource/Zagreb	NB2HI4B2F4XWIYTQMVSGSYJON5ZGOL3SMVZW65LSMNSS6WTBM5ZGKYQ=
http://www.wikidata.org/entity/Q2841	127.0	Bogota	http://dbpedia.org/resource/Bogota	71.0	medium	http://dbpedia.org/resource/Bogotá		NB2HI4B2F4XWIYTQMVSGSYJON5ZGOL3SMVZW65LSMNSS6QTPM5XXJQ5B
http://www.wikidata.org/entity/Q1215730	128.0	Nassau	http://dbpedia.org/resource/Nassau	71.0	medium	http://dbpedia.org/resource/Nassau		NB2HI4B2F4XWIYTQMVSGSYJON5ZGOL3SMVZW65LSMNSS6TTBONZWC5I=
http://www.wikidata.org/entity/Q3805	129.0	Amman	http://dbpedia.org/resource/Amman	70.5	medium	http://dbpedia.org/resource/Amman	http://yago-knowledge.org/resource/Amman	NB2HI4B2F4XWIYTQMVSGSYJON5ZGOL3SMVZW65LSMNSS6QLNNVQW4===
http://www.wikidata.org/entity/Q35178	130.0	Kuwait City	http://dbpedia.org/resource/Kuwait_City	69.5	medium	http://dbpedia.org/resource/Kuwait_City	http://yago-knowledge.org/resource/Kuwait_City	NB2HI4B2F4XWIYTQMVSGSYJON5ZGOL3SMVZW65LSMNSS6S3VO5QWS5C7INUXI6I=
http://www.wikidata.org/entity/Q1489	131.0	Mexico City	http://dbpedia.org/resource/Mexico_City	69.5	medium	http://dbpedia.org/resource/Mexico_City	http://yago-knowledge.org/resource/Mexico_City	NB2HI4B2F4XWIYTQMVSGSYJON5ZGOL3SMVZW65LSMNSS6TLFPBUWG327INUXI6I=
http://www.wikidata.org/entity/Q919869	132.0	Kingston	http://dbpedia.org/resource/Kingston	69.0	medium	http://dbpedia.org/resource/Kingston	http://yago-knowledge.org/resource/Kingston	NB2HI4B2F4XWIYTQMVSGSYJON5ZGOL3SMVZW65LSMNSS6S3JNZTXG5DPNY======
http://www.wikidata.org/entity/Q3761	133.0	Accra	http://dbpedia.org/resource/Accra	69.0	medium	http://dbpedia.org/resource/Accra	http://yago-knowledge.org/resource/Accra	NB2HI4B2F4XWIYTQMVSGSYJON5ZGOL3SMVZW65LSMNSS6QLDMNZGC===
http://www.wikidata.org/entity/Q40236	134.0	Manaus	http://dbpedia.org/resource/Manaus	68.5	medium	http://dbpedia.org/resource/Manaus	http://yago-knowledge.org/resource/Manaus	NB2HI4B2F4XWIYTQMVSGSYJON5ZGOL3SMVZW65LSMNSS6TLBNZQXK4Y=
http://www.wikidata.org/entity/Q1015123	135.0	Rayong	http://dbpedia.org/resource/Rayong	67.5	medium	http://dbpedia.org/resource/Rayong	http://yago-knowledge.org/resource/Rayong	NB2HI4B2F4XWIYTQMVSGSYJON5ZGOL3SMVZW65LSMNSS6UTBPFXW4ZY=
http://www.wikidata.org/entity/Q8686	136.0	Shanghai	http://dbpedia.org/resource/Shanghai	67.0	medium	http://dbpedia.org/resource/Shanghai	http://yago-knowledge.org/resource/Shanghai	NB2HI4B2F4XWIYTQMVSGSYJON5ZGOL3SMVZW65LSMNSS6U3IMFXGO2DBNE======
http://www.wikidata.org/entity/Q1555	137.0	Guatemala City	http://dbpedia.org/resource/Guatemala_City	66.5	medium	http://dbpedia.org/resource/Guatemala_City	http://yago-knowledge.org/resource/Guatemala_City	NB2HI4B2F4XWIYTQMVSGSYJON5ZGOL3SMVZW65LSMNSS6R3VMF2GK3LBNRQV6Q3JOR4Q====
http://www.wikidata.org/entity/Q188693	138.0	Blantyre	http://dbpedia.org/resource/Blantyre	66.5	medium	http://dbpedia.org/resource/Blantyre	http://yago-knowledge.org/resource/Blantyre	NB2HI4B2F4XWIYTQMVSGSYJON5ZGOL3SMVZW65LSMNSS6QTMMFXHI6LSMU======
http://www.wikidata.org/entity/Q1491	139.0	La Paz	http://dbpedia.org/resource/La_Paz	66.0	medium	http://dbpedia.org/resource/La_Paz	http://yago-knowledge.org/resource/La_Paz	NB2HI4B2F4XWIYTQMVSGSYJON5ZGOL3SMVZW65LSMNSS6TDBL5IGC6Q=
http://www.wikidata.org/entity/Q956	140.0	Beijing	http://dbpedia.org/resource/Beijing	65.5	medium	http://dbpedia.org/resource/Beijing	http://yago-knowledge.org/resource/Beijing	NB2HI4B2F4XWIYTQMVSGSYJON5ZGOL3SMVZW65LSMNSS6QTFNFVGS3TH
http://www.wikidata.org/entity/Q48278	141.0	Medellin	http://dbpedia.org/resource/Medellin	65.5	medium	http://dbpedia.org/resource/Medellín		NB2HI4B2F4XWIYTQMVSGSYJON5ZGOL3SMVZW65LSMNSS6TLFMRSWY3GDVVXA====
http://www.wikidata.org/entity/Q3870	142.0	Nairobi	http://dbpedia.org/resource/Nairobi	64.5	medium	http://dbpedia.org/resource/Nairobi	http://yago-knowledge.org/resource/Nairobi	NB2HI4B2F4XWIYTQMVSGSYJON5ZGOL3SMVZW65LSMNSS6TTBNFZG6YTJ
http://www.wikidata.org/entity/Q3630	143.0	Jakarta	http://dbpedia.org/resource/Jakarta	64.0	medium	http://dbpedia.org/resource/Jakarta	http://yago-knowledge.org/resource/Jakarta	NB2HI4B2F4XWIYTQMVSGSYJON5ZGOL3SMVZW65LSMNSS6STBNNQXE5DB
http://www.wikidata.org/entity/Q16572	144.0	Guangzhou	http://dbpedia.org/resource/Guangzhou	63.5	medium	http://dbpedia.org/resource/Guangzhou	http://yago-knowledge.org/resource/Guangzhou	NB2HI4B2F4XWIYTQMVSGSYJON5ZGOL3SMVZW65LSMNSS6R3VMFXGO6TIN52Q====
http://www.wikidata.org/entity/Q3881	145.0	Lusaka	http://dbpedia.org/resource/Lusaka	63.5	medium	http://dbpedia.org/resource/Lusaka	http://yago-knowledge.org/resource/Lusaka	NB2HI4B2F4XWIYTQMVSGSYJON5ZGOL3SMVZW65LSMNSS6TDVONQWWYI=
http://www.wikidata.org/entity/Q3825	146.0	Libreville	http://dbpedia.org/resource/Libreville	63.0	medium	http://dbpedia.org/resource/Libreville	http://yago-knowledge.org/resource/Libreville	NB2HI4B2F4XWIYTQMVSGSYJON5ZGOL3SMVZW65LSMNSS6TDJMJZGK5TJNRWGK===
http://www.wikidata.org/entity/Q1515	147.0	Abidjan	http://dbpedia.org/resource/Abidjan	63.0	medium	http://dbpedia.org/resource/Abidjan	http://yago-knowledge.org/resource/Abidjan	NB2HI4B2F4XWIYTQMVSGSYJON5ZGOL3SMVZW65LSMNSS6QLCNFSGUYLO
http://www.wikidata.org/entity/Q1256245	148.0	Santa Cruz	http://dbpedia.org/resource/Santa_Cruz	62.5	medium	http://dbpedia.org/resource/Santa_Cruz		NB2HI4B2F4XWIYTQMVSGSYJON5ZGOL3SMVZW65LSMNSS6U3BNZ2GCX2DOJ2XU===
http://www.wikidata.org/entity/Q1362	149.0	Islamabad	http://dbpedia.org/resource/Islamabad	62.5	medium	http://dbpedia.org/resource/Islamabad	http://yago-knowledge.org/resource/Islamabad	NB2HI4B2F4XWIYTQMVSGSYJON5ZGOL3SMVZW65LSMNSS6SLTNRQW2YLCMFSA====
http://www.wikidata.org/entity/Q3692	150.0	Riyadh	http://dbpedia.org/resource/Riyadh	62.0	medium	http://dbpedia.org/resource/Riyadh	http://yago-knowledge.org/resource/Riyadh	NB2HI4B2F4XWIYTQMVSGSYJON5ZGOL3SMVZW65LSMNSS6UTJPFQWI2A=
http://www.wikidata.org/entity/Q374365	151.0	Jeddah	http://dbpedia.org/resource/Jeddah	62.0	medium	http://dbpedia.org/resource/Jeddah	http://yago-knowledge.org/resource/Jeddah	NB2HI4B2F4XWIYTQMVSGSYJON5ZGOL3SMVZW65LSMNSS6STFMRSGC2A=
http://www.wikidata.org/entity/Q3718	152.0	Dakar	http://dbpedia.org/resource/Dakar	62.0	medium	http://dbpedia.org/resource/Dakar	http://yago-knowledge.org/resource/Dakar	NB2HI4B2F4XWIYTQMVSGSYJON5ZGOL3SMVZW65LSMNSS6RDBNNQXE===
http://www.wikidata.org/entity/Q16666	153.0	Nanjing	http://dbpedia.org/resource/Nanjing	62.0	medium	http://dbpedia.org/resource/Nanjing	http://yago-knowledge.org/resource/Nanjing	NB2HI4B2F4XWIYTQMVSGSYJON5ZGOL3SMVZW65LSMNSS6TTBNZVGS3TH
http://www.wikidata.org/entity/Q1854	154.0	Ho Chi Minh City	http://dbpedia.org/resource/Ho_Chi_Minh_City	61.5	medium	http://dbpedia.org/resource/Ho_Chi_Minh_City	http://yago-knowledge.org/resource/Ho_Chi_Minh_City	NB2HI4B2F4XWIYTQMVSGSYJON5ZGOL3SMVZW65LSMNSS6SDPL5BWQ2K7JVUW42C7INUXI6I=
http://www.wikidata.org/entity/Q9326	155.0	Vientiane	http://dbpedia.org/resource/Vientiane	61.0	medium	http://dbpedia.org/resource/Vientiane	http://yago-knowledge.org/resource/Vientiane	NB2HI4B2F4XWIYTQMVSGSYJON5ZGOL3SMVZW65LSMNSS6VTJMVXHI2LBNZSQ====
http://www.wikidata.org/entity/Q3820	156.0	Beirut	http://dbpedia.org/resource/Beirut	61.0	medium	http://dbpedia.org/resource/Beirut	http://yago-knowledge.org/resource/Beirut	NB2HI4B2F4XWIYTQMVSGSYJON5ZGOL3SMVZW65LSMNSS6QTFNFZHK5A=
http://www.wikidata.org/entity/Q1899	157.0	Kiev	http://dbpedia.org/resource/Kiev	58.5	medium	http://dbpedia.org/resource/Kiev	http://yago-knowledge.org/resource/Kiev	NB2HI4B2F4XWIYTQMVSGSYJON5ZGOL3SMVZW65LSMNSS6S3JMV3A====
http://www.wikidata.org/entity/Q384	158.0	Skopje	http://dbpedia.org/resource/Skopje	58.0	medium	http://dbpedia.org/resource/Skopje	http://yago-knowledge.org/resource/Skopje	NB2HI4B2F4XWIYTQMVSGSYJON5ZGOL3SMVZW65LSMNSS6U3LN5YGUZI=
http://www.wikidata.org/entity/Q656	159.0	St. Petersburg	http://dbpedia.org/resource/St._Petersburg	58.0	medium	http://dbpedia.org/resource/Saint_Petersburg	http://yago-knowledge.org/resource/Saint_Petersburg	NB2HI4B2F4XWIYTQMVSGSYJON5ZGOL3SMVZW65LSMNSS6U3BNFXHIX2QMV2GK4TTMJ2XEZY=
http://www.wikidata.org/entity/Q649	160.0	Moscow	http://dbpedia.org/resource/Moscow	57.5	medium	http://dbpedia.org/resource/Moscow	http://yago-knowledge.org/resource/Moscow	NB2HI4B2F4XWIYTQMVSGSYJON5ZGOL3SMVZW65LSMNSS6TLPONRW65Y=
http://www.wikidata.org/entity/Q11720	161.0	Shenyang	http://dbpedia.org/resource/Shenyang	57.0	medium	http://dbpedia.org/resource/Shenyang	http://yago-knowledge.org/resource/Shenyang	NB2HI4B2F4XWIYTQMVSGSYJON5ZGOL3SMVZW65LSMNSS6U3IMVXHSYLOM4======
http://www.wikidata.org/entity/Q1156	162.0	Mumbai	http://dbpedia.org/resource/Mumbai	56.0	medium	http://dbpedia.org/resource/Mumbai	http://yago-knowledge.org/resource/Mumbai	NB2HI4B2F4XWIYTQMVSGSYJON5ZGOL3SMVZW65LSMNSS6TLVNVRGC2I=
http://www.wikidata.org/entity/Q11739	163.0	Lahore	http://dbpedia.org/resource/Lahore	55.5	medium	http://dbpedia.org/resource/Lahore	http://yago-knowledge.org/resource/Lahore	NB2HI4B2F4XWIYTQMVSGSYJON5ZGOL3SMVZW65LSMNSS6TDBNBXXEZI=
http://www.wikidata.org/entity/Q8660	164.0	Karachi	http://dbpedia.org/resource/Karachi	55.5	medium	http://dbpedia.org/resource/Karachi	http://yago-knowledge.org/resource/Karachi	NB2HI4B2F4XWIYTQMVSGSYJON5ZGOL3SMVZW65LSMNSS6S3BOJQWG2DJ
http://www.wikidata.org/entity/Q3766	165.0	Damascus	http://dbpedia.org/resource/Damascus	55.5	medium	http://dbpedia.org/resource/Damascus	http://yago-knowledge.org/resource/Damascus	NB2HI4B2F4XWIYTQMVSGSYJON5ZGOL3SMVZW65LSMNSS6RDBNVQXGY3VOM======
http://www.wikidata.org/entity/Q3616	166.0	Tehran	http://dbpedia.org/resource/Tehran	55.0	medium	http://dbpedia.org/resource/Tehran	http://yago-knowledge.org/resource/Tehran	NB2HI4B2F4XWIYTQMVSGSYJON5ZGOL3SMVZW65LSMNSS6VDFNBZGC3Q=
http://www.wikidata.org/entity/Q3274	167.0	Managua	http://dbpedia.org/resource/Managua	54.5	medium	http://dbpedia.org/resource/Managua	http://yago-knowledge.org/resource/Managua	NB2HI4B2F4XWIYTQMVSGSYJON5ZGOL3SMVZW65LSMNSS6TLBNZQWO5LB
http://www.wikidata.org/entity/Q1355	168.0	Bangalore	http://dbpedia.org/resource/Bangalore	54.0	medium	http://dbpedia.org/resource/Bangalore	http://yago-knowledge.org/resource/Bangalore	NB2HI4B2F4XWIYTQMVSGSYJON5ZGOL3SMVZW65LSMNSS6QTBNZTWC3DPOJSQ====
http://www.wikidata.org/entity/Q977	169.0	Djibouti	http://dbpedia.org/resource/Djibouti	54.0	medium	http://dbpedia.org/resource/Djibouti	http://yago-knowledge.org/resource/Djibouti	NB2HI4B2F4XWIYTQMVSGSYJON5ZGOL3SMVZW65LSMNSS6RDKNFRG65LUNE======
http://www.wikidata.org/entity/Q1858	170.0	Hanoi	http://dbpedia.org/resource/Hanoi	53.5	medium	http://dbpedia.org/resource/Hanoi	http://yago-knowledge.org/resource/Hanoi	NB2HI4B2F4XWIYTQMVSGSYJON5ZGOL3SMVZW65LSMNSS6SDBNZXWS===
http://www.wikidata.org/entity/Q3110	171.0	San Salvador	http://dbpedia.org/resource/San_Salvador	53.0	medium	http://dbpedia.org/resource/San_Salvador	http://yago-knowledge.org/resource/San_Salvador	NB2HI4B2F4XWIYTQMVSGSYJON5ZGOL3SMVZW65LSMNSS6U3BNZPVGYLMOZQWI33S
http://www.wikidata.org/entity/Q45208	172.0	Jilin	http://dbpedia.org/resource/Jilin	52.0	medium	http://dbpedia.org/resource/Jilin	http://yago-knowledge.org/resource/Jilin	NB2HI4B2F4XWIYTQMVSGSYJON5ZGOL3SMVZW65LSMNSS6STJNRUW4===
http://www.wikidata.org/entity/Q1352	173.0	Madras	http://dbpedia.org/resource/Madras	50.5	medium	http://dbpedia.org/resource/Chennai	http://yago-knowledge.org/resource/Chennai	NB2HI4B2F4XWIYTQMVSGSYJON5ZGOL3SMVZW65LSMNSS6Q3IMVXG4YLJ
http://www.wikidata.org/entity/Q19689	174.0	Tirana	http://dbpedia.org/resource/Tirana	49.5	low	http://dbpedia.org/resource/Tirana	http://yago-knowledge.org/resource/Tirana	NB2HI4B2F4XWIYTQMVSGSYJON5ZGOL3SMVZW65LSMNSS6VDJOJQW4YI=
http://www.wikidata.org/entity/Q2280	175.0	Minsk	http://dbpedia.org/resource/Minsk	49.5	low	http://dbpedia.org/resource/Minsk	http://yago-knowledge.org/resource/Minsk	NB2HI4B2F4XWIYTQMVSGSYJON5ZGOL3SMVZW65LSMNSS6TLJNZZWW===
http://www.wikidata.org/entity/Q37995	176.0	Yangon	http://dbpedia.org/resource/Yangon	49.5	low	http://dbpedia.org/resource/Yangon	http://yago-knowledge.org/resource/Yangon	NB2HI4B2F4XWIYTQMVSGSYJON5ZGOL3SMVZW65LSMNSS6WLBNZTW63Q=
http://www.wikidata.org/entity/Q3808	177.0	Yaounde	http://dbpedia.org/resource/Yaounde	49.5	low	http://dbpedia.org/resource/Yaoundé		NB2HI4B2F4XWIYTQMVSGSYJON5ZGOL3SMVZW65LSMNSS6WLBN52W4ZGDVE======
http://www.wikidata.org/entity/Q43595	178.0	Cotonou	http://dbpedia.org/resource/Cotonou	49.0	low	http://dbpedia.org/resource/Cotonou	http://yago-knowledge.org/resource/Cotonou	NB2HI4B2F4XWIYTQMVSGSYJON5ZGOL3SMVZW65LSMNSS6Q3PORXW433V
http://www.wikidata.org/entity/Q883	179.0	Novosibirsk	http://dbpedia.org/resource/Novosibirsk	48.5	low	http://dbpedia.org/resource/Novosibirsk	http://yago-knowledge.org/resource/Novosibirsk	NB2HI4B2F4XWIYTQMVSGSYJON5ZGOL3SMVZW65LSMNSS6TTPOZXXG2LCNFZHG2Y=
http://www.wikidata.org/entity/Q3579	180.0	Tripoli	http://dbpedia.org/resource/Tripoli	48.5	low	http://dbpedia.org/resource/Tripoli		NB2HI4B2F4XWIYTQMVSGSYJON5ZGOL3SMVZW65LSMNSS6VDSNFYG63DJ
http://www.wikidata.org/entity/Q987	181.0	New Delhi	http://dbpedia.org/resource/New_Delhi	48.0	low	http://dbpedia.org/resource/New_Delhi	http://yago-knowledge.org/resource/New_Delhi	NB2HI4B2F4XWIYTQMVSGSYJON5ZGOL3SMVZW65LSMNSS6TTFO5PUIZLMNBUQ====
http://www.wikidata.org/entity/Q900	182.0	Kazan	http://dbpedia.org/resource/Kazan	47.5	low	http://dbpedia.org/resource/Kazan	http://yago-knowledge.org/resource/Kazan	NB2HI4B2F4XWIYTQMVSGSYJON5ZGOL3SMVZW65LSMNSS6S3BPJQW4===
http://www.wikidata.org/entity/Q34261	183.0	Port Au Prince	http://dbpedia.org/resource/Port_Au_Prince	47.0	low	http://dbpedia.org/resource/Port-au-Prince	http://yago-knowledge.org/resource/Port-au-Prince	NB2HI4B2F4XWIYTQMVSGSYJON5ZGOL3SMVZW65LSMNSS6UDPOJ2C2YLVFVIHE2LOMNSQ====
http://www.wikidata.org/entity/Q1354	184.0	Dacca	http://dbpedia.org/resource/Dacca	47.0	low	http://dbpedia.org/resource/Dhaka	http://yago-knowledge.org/resource/Dhaka	NB2HI4B2F4XWIYTQMVSGSYJON5ZGOL3SMVZW65LSMNSS6RDIMFVWC===
http://www.wikidata.org/entity/Q3561	185.0	Algiers	http://dbpedia.org/resource/Algiers	47.0	low	http://dbpedia.org/resource/Algiers	http://yago-knowledge.org/resource/Algiers	NB2HI4B2F4XWIYTQMVSGSYJON5ZGOL3SMVZW65LSMNSS6QLMM5UWK4TT
http://www.wikidata.org/entity/Q132830	186.0	Douala	http://dbpedia.org/resource/Douala	46.5	low	http://dbpedia.org/resource/Douala	http://yago-knowledge.org/resource/Douala	NB2HI4B2F4XWIYTQMVSGSYJON5ZGOL3SMVZW65LSMNSS6RDPOVQWYYI=
http://www.wikidata.org/entity/Q35493	187.0	Almaty	http://dbpedia.org/resource/Almaty	46.5	low	http://dbpedia.org/resource/Almaty	http://yago-knowledge.org/resource/Almaty	NB2HI4B2F4XWIYTQMVSGSYJON5ZGOL3SMVZW65LSMNSS6QLMNVQXI6I=
http://www.wikidata.org/entity/Q1563	188.0	Havana	http://dbpedia.org/resource/Havana	46.0	low	http://dbpedia.org/resource/Havana	http://yago-knowledge.org/resource/Havana	NB2HI4B2F4XWIYTQMVSGSYJON5ZGOL3SMVZW65LSMNSS6SDBOZQW4YI=
http://www.wikidata.org/entity/Q11194	189.0	Sarajevo	http://dbpedia.org/resource/Sarajevo	46.0	low	http://dbpedia.org/resource/Sarajevo	http://yago-knowledge.org/resource/Sarajevo	NB2HI4B2F4XWIYTQMVSGSYJON5ZGOL3SMVZW65LSMNSS6U3BOJQWUZLWN4======
http://www.wikidata.org/entity/Q9248	190.0	Baku	http://dbpedia.org/resource/Baku	44.5	low	http://dbpedia.org/resource/Baku	http://yago-knowledge.org/resource/Baku	NB2HI4B2F4XWIYTQMVSGSYJON5ZGOL3SMVZW65LSMNSS6QTBNN2Q====
http://www.wikidata.org/entity/Q269	191.0	Tashkent	http://dbpedia.org/resource/Tashkent	44.5	low	http://dbpedia.org/resource/Tashkent	http://yago-knowledge.org/resource/Tashkent	NB2HI4B2F4XWIYTQMVSGSYJON5ZGOL3SMVZW65LSMNSS6VDBONUGWZLOOQ======
http://www.wikidata.org/entity/Q1960	192.0	Dar Es Salaam	http://dbpedia.org/resource/Dar_Es_Salaam	44.0	low	http://dbpedia.org/resource/Dar_es_Salaam	http://yago-knowledge.org/resource/Dar_es_Salaam	NB2HI4B2F4XWIYTQMVSGSYJON5ZGOL3SMVZW65LSMNSS6RDBOJPWK427KNQWYYLBNU======
http://www.wikidata.org/entity/Q13195078	193.0	Lome	http://dbpedia.org/resource/Lome	42.5	low	http://dbpedia.org/resource/Lome		NB2HI4B2F4XWIYTQMVSGSYJON5ZGOL3SMVZW65LSMNSS6TDPNVSQ====
http://www.wikidata.org/entity/Q3889	194.0	Maputo	http://dbpedia.org/resource/Maputo	42.0	low	http://dbpedia.org/resource/Maputo	http://yago-knowledge.org/resource/Maputo	NB2HI4B2F4XWIYTQMVSGSYJON5ZGOL3SMVZW65LSMNSS6TLBOB2XI3Y=
http://www.wikidata.org/entity/Q3915	195.0	Antananarivo	http://dbpedia.org/resource/Antananarivo	42.0	low	http://dbpedia.org/resource/Antananarivo	http://yago-knowledge.org/resource/Antananarivo	NB2HI4B2F4XWIYTQMVSGSYJON5ZGOL3SMVZW65LSMNSS6QLOORQW4YLOMFZGS5TP
http://www.wikidata.org/entity/Q3733	196.0	Conakry	http://dbpedia.org/resource/Conakry	41.0	low	http://dbpedia.org/resource/Conakry	http://yago-knowledge.org/resource/Conakry	NB2HI4B2F4XWIYTQMVSGSYJON5ZGOL3SMVZW65LSMNSS6Q3PNZQWW4TZ
http://www.wikidata.org/entity/Q8673	197.0	Lagos	http://dbpedia.org/resource/Lagos	40.5	low	http://dbpedia.org/resource/Lagos	http://yago-knowledge.org/resource/Lagos	NB2HI4B2F4XWIYTQMVSGSYJON5ZGOL3SMVZW65LSMNSS6TDBM5XXG===
http://www.wikidata.org/entity/Q3659	198.0	Ndjamena	http://dbpedia.org/resource/Ndjamena	40.0	low	http://dbpedia.org/resource/N'Djamena	http://yago-knowledge.org/resource/N'Djamena	NB2HI4B2F4XWIYTQMVSGSYJON5ZGOL3SMVZW65LSMNSS6TRHIRVGC3LFNZQQ====
http://www.wikidata.org/entity/Q1363405	199.0	Sanaa	http://dbpedia.org/resource/Sanaa	40.0	low	http://dbpedia.org/resource/Sanaa		NB2HI4B2F4XWIYTQMVSGSYJON5ZGOL3SMVZW65LSMNSS6U3BNZQWC===
http://www.wikidata.org/entity/Q3688	200.0	Nouakchott	http://dbpedia.org/resource/Nouakchott	40.0	low	http://dbpedia.org/resource/Nouakchott	http://yago-knowledge.org/resource/Nouakchott	NB2HI4B2F4XWIYTQMVSGSYJON5ZGOL3SMVZW65LSMNSS6TTPOVQWWY3IN52HI===
http://www.wikidata.org/entity/Q217432	201.0	Port Harcourt	http://dbpedia.org/resource/Port_Harcourt	39.5	low	http://dbpedia.org/resource/Port_Harcourt	http://yago-knowledge.org/resource/Port_Harcourt	NB2HI4B2F4XWIYTQMVSGSYJON5ZGOL3SMVZW65LSMNSS6UDPOJ2F6SDBOJRW65LSOQ======
http://www.wikidata.org/entity/Q3711	202.0	Belgrade	http://dbpedia.org/resource/Belgrade	39.0	low	http://dbpedia.org/resource/Belgrade	http://yago-knowledge.org/resource/Belgrade	NB2HI4B2F4XWIYTQMVSGSYJON5ZGOL3SMVZW65LSMNSS6QTFNRTXEYLEMU======
http://www.wikidata.org/entity/Q3674	203.0	Niamey	http://dbpedia.org/resource/Niamey	38.0	low	http://dbpedia.org/resource/Niamey	http://yago-knowledge.org/resource/Niamey	NB2HI4B2F4XWIYTQMVSGSYJON5ZGOL3SMVZW65LSMNSS6TTJMFWWK6I=
http://www.wikidata.org/entity/Q3703	204.0	Bamako	http://dbpedia.org/resource/Bamako	37.0	low	http://dbpedia.org/resource/Bamako	http://yago-knowledge.org/resource/Bamako	NB2HI4B2F4XWIYTQMVSGSYJON5ZGOL3SMVZW65LSMNSS6QTBNVQWW3Y=
http://www.wikidata.org/entity/Q3838	205.0	Kinshasa	http://dbpedia.org/resource/Kinshasa	37.0	low	http://dbpedia.org/resource/Kinshasa	http://yago-knowledge.org/resource/Kinshasa	NB2HI4B2F4XWIYTQMVSGSYJON5ZGOL3SMVZW65LSMNSS6S3JNZZWQYLTME======
http://www.wikidata.org/entity/Q3777	206.0	Ouagadougou	http://dbpedia.org/resource/Ouagadougou	36.5	low	http://dbpedia.org/resource/Ouagadougou	http://yago-knowledge.org/resource/Ouagadougou	NB2HI4B2F4XWIYTQMVSGSYJON5ZGOL3SMVZW65LSMNSS6T3VMFTWCZDPOVTW65I=
http://www.wikidata.org/entity/Q3897	207.0	Luanda	http://dbpedia.org/resource/Luanda	36.0	low	http://dbpedia.org/resource/Luanda	http://yago-knowledge.org/resource/Luanda	NB2HI4B2F4XWIYTQMVSGSYJON5ZGOL3SMVZW65LSMNSS6TDVMFXGIYI=
http://www.wikidata.org/entity/Q3832	208.0	Bangui	http://dbpedia.org/resource/Bangui	33.5	low	http://dbpedia.org/resource/Bangui	http://yago-knowledge.org/resource/Bangui	NB2HI4B2F4XWIYTQMVSGSYJON5ZGOL3SMVZW65LSMNSS6QTBNZTXK2I=
http://www.wikidata.org/entity/Q1530	209.0	Baghdad	http://dbpedia.org/resource/Baghdad	33.0	low	http://dbpedia.org/resource/Baghdad	http://yago-knowledge.org/resource/Baghdad	NB2HI4B2F4XWIYTQMVSGSYJON5ZGOL3SMVZW65LSMNSS6QTBM5UGIYLE
http://www.wikidata.org/entity/Q1963	210.0	Khartoum	http://dbpedia.org/resource/Khartoum	33.0	low	http://dbpedia.org/resource/Khartoum	http://yago-knowledge.org/resource/Khartoum	NB2HI4B2F4XWIYTQMVSGSYJON5ZGOL3SMVZW65LSMNSS6S3IMFZHI33VNU======
http://www.wikidata.org/entity/Q223920	211.0	Pointe Noire	http://dbpedia.org/resource/Pointe_Noire	30.5	low	http://dbpedia.org/resource/Pointe-Noire	http://yago-knowledge.org/resource/Pointe-Noire	NB2HI4B2F4XWIYTQMVSGSYJON5ZGOL3SMVZW65LSMNSS6UDPNFXHIZJNJZXWS4TF
http://www.wikidata.org/entity/Q3844	212.0	Brazzaville	http://dbpedia.org/resource/Brazzaville	23.0	low	http://dbpedia.org/resource/Brazzaville	http://yago-knowledge.org/resource/Brazzaville	NB2HI4B2F4XWIYTQMVSGSYJON5ZGOL3SMVZW65LSMNSS6QTSMF5HUYLWNFWGYZI=